{
  "urls": [
    "sounds.mp3",
    "sounds.wav"
  ],
  "sprite": {
    "_mac_fix": [
      0,
      2992.0861678004535
    ],
    "ambienceGeneral": [
      3100,
      83125.10204081633
    ],
    "big win_ END": [
      87199.99999999999,
      2952.5396825396797
    ],
    "big_win": [
      90299.99999999999,
      10697.981859410433
    ],
    "btn_any": [
      101399.99999999999,
      373.69614512471117
    ],
    "btn_start": [
      102499.99999999999,
      632.653061224488
    ],
    "button_menu": [
      103599.99999999999,
      1358.3673469387777
    ],
    "fx_short_flying-coin_vers06": [
      105699.99999999999,
      989.8185941043067
    ],
    "JPWin": [
      106799.99999999999,
      11202.24489795919
    ],
    "largeWin": [
      118899.99999999999,
      6386.122448979591
    ],
    "mediumWin": [
      125999.99999999999,
      3942.993197278909
    ],
    "quickStop": [
      130100,
      364.98866213150905
    ],
    "reel_stop": [
      131200,
      285.9410430839091
    ],
    "reelSpin": [
      132300,
      2910.204081632656
    ],
    "reSpin": [
      135400,
      3690.997732426297
    ],
    "scatter_wait": [
      139500,
      8000
    ],
    "smallWin": [
      147600,
      1409.9546485260817
    ],
    "t_btn_any": [
      149700,
      889.4784580498936
    ],
    "t_win": [
      150799.99999999997,
      12777.346938775509
    ],
    "t_win_END": [
      163899.99999999997,
      4932.426303854868
    ],
    "take-take": [
      168999.99999999997,
      1000
    ],
    "WILD COINS": [
      170099.99999999997,
      2437.2108843537317
    ],
    "WILD DROP": [
      173199.99999999997,
      1671.1564625850315
    ],
    "wildExpansionSnd": [
      175299.99999999994,
      7222.517006802718
    ],
    "wildRainbowExitSnd": [
      183399.99999999994,
      3079.795918367353
    ],
    "win2balance": [
      187499.99999999994,
      2278.2312925170063
    ],
    "win2balance_old": [
      190599.99999999994,
      1878.3900226757453
    ]
  }
}